<?xml version="1.0"?>
<!DOCTYPE hibernate-mapping PUBLIC "-//Hibernate/Hibernate Mapping DTD 3.0//EN"
"http://www.hibernate.org/dtd/hibernate-mapping-3.0.dtd">
<!-- Generated 23/03/2019 12:44:13 AM by Hibernate Tools 4.3.1 -->
<hibernate-mapping>
    <class name="Modelo.Apuesta" table="apuesta" catalog="unimonito" optimistic-lock="version">
        <id name="idapuesta" type="int">
            <column name="idapuesta" />
            <generator class="assigned" />
        </id>
        <property name="valorMaximo" type="int">
            <column name="valor_maximo" not-null="true" />
        </property>
        <property name="valorMinimo" type="int">
            <column name="valor_minimo" not-null="true" />
        </property>
        <property name="partidoIdpartido" type="int">
            <column name="partido_idpartido" not-null="true" />
        </property>
        <property name="activo" type="int">
            <column name="activo" not-null="true" />
        </property>
    </class>
</hibernate-mapping>
