<?xml version="1.0"?>
<!DOCTYPE hibernate-mapping PUBLIC "-//Hibernate/Hibernate Mapping DTD 3.0//EN"
"http://www.hibernate.org/dtd/hibernate-mapping-3.0.dtd">
<!-- Generated 23/03/2019 12:44:13 AM by Hibernate Tools 4.3.1 -->
<hibernate-mapping>
    <class name="Modelo.Boleta" table="boleta" catalog="unimonito" optimistic-lock="version">
        <id name="idboleta" type="int">
            <column name="idboleta" />
            <generator class="assigned" />
        </id>
        <property name="valor" type="int">
            <column name="valor" not-null="true" />
        </property>
        <property name="usuarioIdusuario" type="int">
            <column name="usuario_idusuario" not-null="true" />
        </property>
        <property name="apuestaIdapuesta" type="java.lang.Integer">
            <column name="apuesta_idapuesta" />
        </property>
        <property name="gano" type="int">
            <column name="gano" not-null="true" />
        </property>
        <property name="rifaIdrifa" type="java.lang.Integer">
            <column name="rifa_idrifa" />
        </property>
        <property name="marcadorApuesta" type="string">
            <column name="marcador_apuesta" length="45" />
        </property>
    </class>
</hibernate-mapping>
