<?xml version="1.0"?>
<!DOCTYPE hibernate-mapping PUBLIC "-//Hibernate/Hibernate Mapping DTD 3.0//EN"
"http://www.hibernate.org/dtd/hibernate-mapping-3.0.dtd">
<!-- Generated 23/03/2019 12:44:13 AM by Hibernate Tools 4.3.1 -->
<hibernate-mapping>
    <class name="Modelo.Equipo" table="equipo" catalog="unimonito" optimistic-lock="version">
        <id name="idequipo" type="int">
            <column name="idequipo" />
            <generator class="assigned" />
        </id>
        <property name="nombreEquipo" type="string">
            <column name="nombre_equipo" length="45" not-null="true" />
        </property>
        <property name="deporteIddeporte" type="int">
            <column name="deporte_iddeporte" not-null="true" />
        </property>
    </class>
</hibernate-mapping>
