<?xml version="1.0"?>
<!DOCTYPE hibernate-mapping PUBLIC "-//Hibernate/Hibernate Mapping DTD 3.0//EN"
"http://www.hibernate.org/dtd/hibernate-mapping-3.0.dtd">
<!-- Generated 23/03/2019 12:44:13 AM by Hibernate Tools 4.3.1 -->
<hibernate-mapping>
    <class name="Modelo.Partido" table="partido" catalog="unimonito" optimistic-lock="version">
        <id name="idpartido" type="int">
            <column name="idpartido" />
            <generator class="assigned" />
        </id>
        <property name="equipoLocal" type="int">
            <column name="equipo_local" not-null="true" />
        </property>
        <property name="equipoVisitante" type="int">
            <column name="equipo_visitante" not-null="true" />
        </property>
        <property name="fecha" type="string">
            <column name="fecha" length="45" not-null="true" />
        </property>
        <property name="marcador" type="string">
            <column name="marcador" length="45" not-null="true" />
        </property>
        <property name="horaInicio" type="string">
            <column name="hora_inicio" length="45" not-null="true" />
        </property>
        <property name="horaFin" type="string">
            <column name="hora_fin" length="45" not-null="true" />
        </property>
    </class>
</hibernate-mapping>
