<?xml version="1.0"?>
<!DOCTYPE hibernate-mapping PUBLIC "-//Hibernate/Hibernate Mapping DTD 3.0//EN"
"http://www.hibernate.org/dtd/hibernate-mapping-3.0.dtd">
<!-- Generated 23/03/2019 12:44:13 AM by Hibernate Tools 4.3.1 -->
<hibernate-mapping>
    <class name="Modelo.Rifa" table="rifa" catalog="unimonito" optimistic-lock="version">
        <id name="idrifa" type="int">
            <column name="idrifa" />
            <generator class="assigned" />
        </id>
        <property name="premio" type="string">
            <column name="premio" length="45" not-null="true" />
        </property>
        <property name="numeroBoletas" type="int">
            <column name="numero_boletas" not-null="true" />
        </property>
        <property name="horaInicio" type="string">
            <column name="hora_inicio" length="45" not-null="true" />
        </property>
        <property name="horaFin" type="string">
            <column name="hora_fin" length="45" not-null="true" />
        </property>
        <property name="valor" type="int">
            <column name="valor" not-null="true" />
        </property>
        <property name="activo" type="int">
            <column name="activo" not-null="true" />
        </property>
    </class>
</hibernate-mapping>
